<DATE>05.04.2021 tarihinde</DATE> <TIME>saat 18:22 de</TIME> 12182304 Numaralı KKTC Girne Halkbank ortak ATM&apos;sini kullanarak Ziraat Bankası hesabıma para yatırmaya çalıştım. ATM parayı saymadan kartımı verdi ve parayı yuttu <DATE>ertesi gün</DATE> <DATE>06.04.2021 tarihinde</DATE> Girne Ziraat Bankası şubesine gittim ve harcama itirazında bulundum ancak <DATE>o gün</DATE> <TIME>akşam</TIME> Ziraat bankasını arayarak talebimin sistemde olup olmadığını sordum yok dediler <DATE>07.04.2021 de</DATE> tekrar gittim tekrar gönderiyoruz dediler <DATE>08.04.2021 de</DATE> tekrar Ziraat bankasını aradım ve talebim sistemde görünüyor ve son aşamada olarak göründüğünü söylediler. Halkbank ortak ATM&apos;nin bağlı olduğu şubeye giderek bilgi istedim Ziraat bankasından talep gelmeden benim param olduğunu bilseler de ödemeyi yapamayız dediler. Ziraat şubemin dilekçemi sistemde göstermesi <DURATION>2 gün</DURATION> sürdü bunu da şubeye sürekli giderek başardım 2 bankanın birbiri ile iletişime geçip bana paramı ödemesi bu kadar uzun süremez hala param hesabıma yatmadı bu süreçte ben mağdur oluyorum bir an önce işlemin sonlanmasını ve paramın hesabıma yatmasını talep ediyorum.
Devlet bankası olunca insanları böyle mağdur etmeye hakkınız olmuyor.