<DATE>24.02.2021 tarihinde</DATE> apple.com BILL ıtunes.com sitesi üzerinden 7 parça ve apple.com/BILL cork sitesi üzerinden de 1 parça toplamda ise 1392,12 TL tutarında sonu 7529 ile biten şahsi Ziraat Bankası kredi kartımdan bilgim dahilinde olmayan çekim yapılmıştır. Banka ve şirket ile <TIME>aynı gün içerisinde</TIME> iletişime geçtim ve kredi kartımı kullanıma kapattım. Apple Türkiye temsilciliği ile 3 kez görüşerek ücret talebi oluşturmama rağmen şirket tarafından red cevabı aldım. Hiçbir Apple platformunda şahsi ve kart bilgilerim olmamasına rağmen ve kredi kartımı yaklaşık <DURATION>2 yıldır</DURATION> kullanmamama rağmen bu şirket platformunda 3D güvenlik sistemi bulunmamasından dolayı yapılan çekimler esnasında tarafıma bilgilendirme gelmemiştir. Büyük bir şirket platformunda kredi kartı bilgilerim kullanılarak yapılan harcamalar tarafımca yapılmamıştır ve yaptığım başvurular yine bu büyük şirket tarafından red edilmiştir. Ayrıca bankaya verdiğim harcama itiraz formlarından da henüz sonuç alamadım. Banka tarafından gönderilmesi gereken bilgilendirme mesajlarının neden gelmediğinin cevabı verilememektedir. Tarafıma gelen tek mesaj ise karttan yapılan harcama saati <TIME>akşamüstü</TIME> iken gelen bilgilendirme mesajı <TIME>gece 03.07 saatinde</TIME> gelmiştir. Bu tutarsız bilgilendirmeyi de yapacağım resmi başvurularda kullanacağım. 
Yaptığım itirazlar olumsuz sonuçlanır ise yasal hakkımı kullanıp Tüketici Hakem Heyetine, gerekirse savcılığa başvurarak mahkeme gideceğimi yetkililere bildiririm. Tarafıma verdiğim iletişim bilgileri aracılığı ile ulaşılabilir.