Ziraat Bankası&apos;nın <DURATION>yıllardan</DURATION> beri banka ve kredi kartı müşterisiyim. Bankanın <DATE>şuan</DATE> ########72 ile biten Platinum kredi kartını kullanıyorum. <DATE>10/04/2021 tarihinde</DATE> 67 TL kart aidat ücreti kesintisi yapıldığını gördüm. <DATE>13/04/2021 tarihinde</DATE> Bankanın müşteri hizmetlerini aradım ve kart aidatının iptal edilmesini istedim, iptal edemeyeceklerini <DURATION>6 ay</DURATION> boyunca kredi kartından <SET>her ay</SET> 1.000 TL harcama yapma sözüne karşılık bunun iptal olacağını söylüyorlar. Bu kartı zaten <SET>her ay</SET> faal olarak kullanıyorum. Ekstra kart kullanım ücreti niye kesiliyor. Kart aidatı İptal edilmediği takdirde Ziraat kredi kartını iptal ettirip diğer bankaların kredi kartını kullanacağım.