İlk önce mesaj atılıp evde olmadığım söylendi <DURATION>tüm gün</DURATION> ise evdeydim ve asla kapı ya da zilim 
çalınmadı. <DATE>Bugün</DATE> kargomu almaya gittiğimde ise <DURATION>18 yaşından</DURATION> küçük olduğum için verilmedi, <DATE>bu zamana</DATE> kadar tüm kargoları ben aldım. <DURATION>16 yaşındayım</DURATION>. Kargoda da benim ismim vardı ve ben siparişi vermiştim. Üstüne üstlük başka kimsenin müsait olmadığını kargomu tek benim alabileceğimi söylediğimde de asla bir şey yapılmadı. Kendilerinin sorunu olduğunu da anlattım ama asla alamadım.