Taahhüdüm bitmiş konuyla alakalı yeni paket için iletişime geçilmediği için <DURATION>3. Gün</DURATION> fark ettim ( diğer operatörler iletişime geçiyor). Yüksek fiyatlı paket otomatik tanımlanmış hemen <DURATION>yıllık</DURATION> taahhüt yaptım. <DURATION>4 günlük</DURATION> kullanım arti yeni paket ücreti <DATE>mayıs ayına</DATE> fatura olarak yansımış. Kullanım hakları yeni paket dahilinde değişti fakat borç otomatik tanımlanan paketin tutarında kaldı degısmedı. Zaten <DURATION>3 günlük</DURATION> farkı <DURATION>4 gün</DURATION> olarak <DATE>mayıs ayına</DATE> yansıttınız. Kullandığım tutarı ödemiş oluyorum. Neden kullanmadığım paketi ödüyorum. Düzeltilmesini talep ediyorum. Aksi halde Tüketici Hakları&apos;na şikayet edeceğim. Ayrıca Turkcell şikayet formunu dolduruyorum göndere tıklayınca hata veriyor. Sırf şikayet yapılmasın diye böyle yapmak nedir? Pes doğrusu.