Ben Turkcell&apos;e <DATE>09.04.2020 tarihinde</DATE> faturalı taahhütlü hat aldım. (60 TL fatura Taahhütlü ) Taahhüt <DATE>09.04.2021 tarihinde</DATE> bitti. Ben <DATE>08.04.2021 tarihinde</DATE> <TIME>akşam saat 22.00 de</TIME> hattımı Vodafone&apos;a taşıdım. Bana Turkcell 121.00 TL fatura çıkarmış. Yani faturamı ikiye katlayıp göndermiş. Bu mağduriyetimin giderilmesini talep ediyorum ve <DURATION>2 saat</DURATION> önce geçtim diye cayma bedeli adı altında kesilen paranın iadesini istiyorum.