Ben Kırşehir Çiçekdağı Köseli Beldesi Bahçelievler Mahallesi Göktürk Sokak No:* de oturuyorum <DATE>şu anda</DATE> sokağımıza internet altyapısı halen gelmedi biz internet altyapısı için dilekçemizi vermiştik ama henüz daha gelmedi sokağımızda internet altyapımız olmadığından EBA&apos;ya ve derslere internet üzerinden giremiyoruz lütfen bu internet altyapısının sokağımıza en kısa zamanda yapılmasını istiyorum biz <DATE>geçen sene</DATE> de CİMER&apos;e yazmıştık ama henüz bu internet altyapısı için net bir cevap gelmemişti en kısa zamanda internet altyapısının sokağımıza yapılmasını istiyorum biz bu internet altyapı dilekçesini <DATE>daha önceden</DATE> Yozgat Türk Telekom il müdürlüğüne internet altyapısı için dilekçeyi vermiştik <DURATION>1 ay</DURATION> falan oluyor ama onlarda internet altyapısının her an yapılabileceğini söylediler <DATE>şu anda</DATE> sokağımızda altyapımız yok bu konuda çok mağduruz internet altyapısı yüzünden lütfen internet altyapısı bir an önce yapılırsa çok seviniriz.
Gereğinin lütfen yapılmasını istiyoruz