Çocukların online dersi vardı. Hız nedeniyle internet sağlayıcısını değiştirmek için Vodafone&apos;u aradık. <DATE>Şu an</DATE> kullandığımız interneti (+televizyon) iptal ettikten sonra başvurunun alınabileceği söylendi Z** hanım tarafından. Sıkıntı yaşar mıyız dediğimde <DURATION>1</DURATION> <DURATION>2 gün</DURATION> içinde takılır dedi. Başvuru yaptık. <DURATION>1</DURATION> <DURATION>2 gün</DURATION> birden <DURATION>8</DURATION>-<DURATION>12 iş gününe</DURATION> çıktı. Öylece kaldık. Şaşkın... Kızgın... Yapılabilecek bir şey olmadığını söylediler. Bekleyin onlar sizi arayacak dediler... O kadar.