<DATE>31 Mart 2021</DATE> <TIME>saat 11:36 da</TIME> 08506225054 (Balıkesir Yankı Superonline Bayisi) numaralı telefon numarasından aranılarak mevcutta abone olduğum fiber internet hizmeti kapsamında herhangi bir ilave bedel ödemeden ve herhangi bir taahhüt altına girmeden (yalnızca kalan <DURATION>11 aylık</DURATION> taahhüdümün <DURATION>13 ay</DURATION> olacağı hiçbir şekilde ilave bir ücret ödemeyeceğim söylenmiştir) TV Plus aboneliğimin sağlanacağı aktarılmıştır.
Ancak <DURATION>birkaç gün</DURATION> sonra oluşan faturamda TV Plus Aile paketiyle birlikte <SET>her ay</SET> ekstra ücret ödeyeceğim ve kalan <DURATION>11 ay</DURATION> taahhütlü süremin de <DURATION>24 aya</DURATION> çıktığı yönünde bilgi edinmiş oldum. Tamamen yanıltarak, art niyetli ve ticaret ahlakından uzak bir biçimde Turkcell ve Superonline marka algısına zarar verecek şekilde adeta yanıltma&#160;bir satış sürecinin içerisine çekildiğimi üzülerek fark etmiş oldum. Ürün ve hizmetlerine piyasa üzerinde bedel ödediğimiz Turkcell ve Superonline markalarının güven ve kalite vaatlerine inanıyor olmak sanıyorum en büyük hatam oldu. Superonline bayisi tarafından&#160;böyle sevimsiz konularda derdimizi dinletemiyor bile olmak markanın tutumu açısından ibret vericidir.
<DATE>03.04.2021</DATE> ve <DATE>05.03.2021 tarihlerinde</DATE> 0850 2220222 numaralı numarayı arayıp şikayetimi yaptığımda ses kayıtlarına <DURATION>10 gün</DURATION> geçtikten sonra ulaşılabileceği <DURATION>10 günü</DURATION> beklemem gerektiği söylendi. Web sitesinden şikayet bildirdiğimde de 0850 2220222 no&apos;yu arayarak bildirmem istendi. Süre dolduktan sonra yeniden aradım ve bana bayilerin telefon kayıtlarını dinleme imkanları olmadığından şikayetimle ilgili bir süreç başlatamayacakları söylendi. Yankı firması tarafından açık bir şekilde yanıltıldığımı&#160;söylemiş olsam da sürekli aynı şeyler tekrar edilerek bir işlem yapılamayacağı söylenmiştir.