<DATE>09/04/2021 tarihinde</DATE> başvurduğum Superonline fiber internet başvurum için <DATE>aynı gün</DATE> kurulum yapılacağı söylendi. Ancak ekipler gelmeyince müşteri hizmetlerinden kurulum yapacak bayinin numarasını alarak aradım. Bölgeme <SET>ayda 1 ya da 2 kere</SET> gelindiğini söylediler. <DATE>Bugün</DATE> hala bir dönüş yok aramalarımda bana <DATE>çarşamba gününden</DATE> önce randevu veremeyeceklerini <DATE>o tarihten</DATE> itibarende en yakın <DATE>cuma</DATE> ya da <DATE>cumartesi</DATE> gelinebileceği söyleniyor o da tam net değil.&#160;
Defalarca aramama rağmen kimse yardımcı olmuyor. Koskoca Superonline Yalova&apos;da altyapısı olmasına rağmen kurulum için en yakın ekip İzmit&apos;te. Gerekirse ücreti ile ödemeye razı olduğumu bana yeter ki ekip hemen gönderilsin diyorum o da yok, böyle bir hizmetimiz yok diyorlar. Böyle büyük bir firmanın Yalova&apos;da hizmet vermemesi ayrı bir konu bir de hizmeti <SET>ayda 1 ya da 2 gün</SET> vermeleri ayrı bir dert. Lütfen kurulum sürecini hızlandırır mısınız?