Yaklaşık <DURATION>4 gündür</DURATION> <TIME>gün içinde</TIME> yaşadığım hız sorunu ve belirli aralıkla yaşanan kopmalar nedeniyle hizmet alamadığım Superonline müşteri temsilcisiyle yaptığım görüşmede alt yapıyla alakalı sorunumuz yok kablolarınız oksitlenmiştir, servis yönlendiririz ücreti size ait yanıtını aldım. Güleyim mi sinirleneyim mi ne yapayım bilemiyorum. <TIME>Akşam 8den</TIME> sonra bağlantı hızım düzeldiğini söylememe rağmen bu yanıtı alıyorum. Sanırım kablolardaki sorun <TIME>akşam</TIME> olunca düzeliyor, çalışmak zorunda olduğum <TIME>gündüz saatlerinde</TIME> yeniden başlıyor. Bu sorunun çözülmesi için kendilerine ücret ödemem gerekiyor. Evden çalışmak zorunda olduğumuz bu <DATE>pandemi döneminde</DATE> sağlayamadıkları ınternet hizmetiyle müşterisini mağdur edip, <DURATION>24</DURATION>-<DURATION>48 saat</DURATION> içinde servis yönlendirip sözde müşteriden kaynaklanan arıza için hizmetini almadan faturalarını ödememize karşın kendilerinden kaynaklanan sorun için bir daha ödeme yapmamızı istiyorlar. Taahhüdüm bitmeden başka firmaya geçiş yaparsam da 1.000 TLnin üzerinde bir fatura çıkartıyorlar. Hizmet veremedikleri gibi cayma hakkı falan da kullanamıyorsun.