<DURATION>15 senedir</DURATION> Turkcell telefon hattı, <DURATION>10 senedir</DURATION> de Superonline kullanıyorum. Evden çalışmam sebebiyle Superonline hızı az gelmesi nedeniyle Superbox&apos;a geçtim. Yaklaşık <DURATION>1 ay</DURATION> olmadan yan odadan dahi çekmemesi ve sürekli internetin kopması sebebiyle Müşteri Hizmetlerini aradım ve problem yaşadığımı söyledim. Bununla ilgili bir çözüm sunmadılar ve problem devam etti. <DURATION>6 aydır</DURATION> Superonline kullanırken 100 GB&apos;ı aşmazken <DATE>son ay</DATE>, aynı internet kullanımıyla 150 GB <DURATION>15 günde</DURATION> bitti ve interneti kestiler.&#160;
Yeni paketlere 300 TL civarı istiyorlar, memnun olmadığımı dile getirerek iptal etmek istediğimi söylediğimde ise 500 TL&apos;yi gecikme ücretleri istiyorlar. Ne hizmetinden memnun kaldım ne de ayrılabiliyorum. Sadık müşterilerine dahi bu denli yardımcı olmayan ve zorluk çıkaran bir şirket. Tüm sosyal mecralarda, fenomenler aracılığı ile de bu söylemlerimi sürdüreceğim.