Turkcell Superonline&apos;in <DURATION>7 yıllık</DURATION> müşterisiyim. <SET>Her ay</SET> faturalarımı düzenli öderim, <DURATION>bir gün</DURATION> fatura ödemem gecikse bile internetimi kesebilme hakkını kendinizde bulabiliyorsunuz fakat ben <DURATION>7 yıllık</DURATION> müşteriniz olarak ödediğim internetin yarısı kadar bile hızı alamıyorum, teknik servislerinizden faydalanamıyorum. Size <SET>her ay</SET> para verdiğim Turkcell TV+&apos;i kullanamadığımı belirtiyorum, sizler bana taahhüdümü yenilersem kumandanın ücretsiz değiştirilebileceğini söylüyorsunuz. Bunu duyup taahhüdümü yenilememe rağmen <DATE>2020&apos;nin eylül ayı&apos;ndan</DATE> beri sizlerin &quot;müşteri hizmetleri&quot; adı altında bağladığınız çağrı merkezlerinden teknik servis desteği ve ücretsiz kumanda değişimi adına talepler oluşturuyorum fakat hiçbir geri dönüş alamıyorum. Geri dönüş alamayınca tekrar arıyorum ve bana telefonlarımı açmadığımı söylüyorsunuz. Dediğim gibi bu döngü 8-9 defadır, <DATE>2020&apos;nin eylül ayı&apos;ndan</DATE> beri devam ediyor. Size 3 adet telefon numarası bırakıyorum, hiçbirine mi ulaşamıyorsunuz? Bu şikayet, Tüketici Hakları için bir kanıt oluşturmaktadır. Çözüm bulmayacağınızı biliyorum, tüketici olarak haklarımın da farkındayım. Ciddiyetsiz bir yaklaşımla, sizin tarafınızdan ortaya çıkan sorunlarla ve bunları görmezden gelmek ile kurumsal bir firma olduğunuzu mu düşünüyorsunuz? Bunu da sonuna kadar kovalayacağım, yaptığınız haksızlıklar artık yeter.