Ben daha yeni <DURATION>1 haftalık</DURATION> bir Superonline kullanıcısıyım. <DATE>İlk bağlattığımız gün</DATE> sürekli bir kopma yaşadım. Bu kopmalardan <DURATION>bir hafta</DURATION> sonra internetim tamamen kesildi çevremde Superonline kullanan kime sorsam internetim var kesik değil diyor. Fakat ben Superonline&apos;i her aradığımda bana bölgenizde bir arıza var diyor ve tahmini süre olarak <DURATION>10 gün</DURATION> diyor. Ben lise öğrencisiyim ve pandemi nedeniyle online derslere girmek zorundayım. Ve derslerime giremiyorum. Beni oyalamak için mi söylüyorsunuz bilmiyorum ama bu işin peşini bırakmayacağım. Etrafımdaki herkesin interneti çalışırken nasıl bölgemde bir problem olabiliyor? Bunu <DURATION>10 yaşında</DURATION> bir çocuğa söyleseniz bile size inanmayacaktır. Bunları müşteri temsilcisine söylediğimde de her seferinde aynı şeyler tekrarlanıyor. Nasıl oluyor da sorun bana özel olabiliyor? Sorun bana özelse neden bölgemdeki bir problemmiş gibi lanse ediliyor? Cevap alamayacağımı bile bile yazsam da belki ilgilenirler.