<DATE>8 Nisan tarihinde</DATE> Sipariş No :5658***51 Babyhope Kırmızı Bobo Üç Tekerli Kontrollü bisiklet 174,80 TL&apos;ye sipariş ettim. Ben sipariş ettikten sonra fiyat 190 TL oldu ne hikmetse. Tahmini Teslimat: <DATE>9</DATE> - <DATE>14 Nisan</DATE> gözüküyor sistemde ve <DATE>bugün</DATE> ben satıcı firmaya yazdım ne zaman kargolanacak <DATE>teslimat tarihi</DATE> bu gözüküyor diye firma döndü elimizde kırmızı bisiklet kalmadı diye aranıyorum. Hem Trendyol&apos;dan hem satıcı firmadan şikayetçiyim.