GSM operatörümü değiştirmek, uygun kampanyalı Türk Telekom kampanyasından faydalanmak için pandemiden dolayı internet üzerinden kampanyalı bir tarifeye <DATE>29.03.2021 günü</DATE> müracaat ettim. Müşteri hizmetleriyle yapılan görüşmeden sonra Türk Telekom <DATE>aynı gün</DATE> sim kartı Agt kuryeye verdi. <DURATION>1 günde</DURATION> gelmesi beklenen kuryenin <DURATION>9 gün</DURATION> sonra gelmesiyle <DATE>07.04.2021 günü</DATE> teslim ettiği sim kart <DURATION>3 güne</DURATION> kadar açılır şeklinde bilgilendirildim. <DATE>13.04.2021</DATE> oldu hala sim kartım açılmadı bende <DATE>13.04.2021 günü</DATE> Türk Telekom bayisine giderek <DURATION>15 günde</DURATION> bir hattın neden açılmadığını sorduğumda Türk Telekom&apos;un konudan bilgisi olmadığı numara taşıma için herhangi bir müracaatın olmadığını bildirilmesi üzerine 1-85232388256 şikayet hizmet talebi oluşturdum. Geçmek istediğim tarifenin zamlandığı aynı ücretlerle istesem de yeniden müracaat edemeyeceğimi söylemeleri üzerine;hak kayıplarımın sebep olanlardan alınarak tarafıma verilmesini zararımın karşılanması için gereken çalışmanın yapılarak müşteri hizmetlerinin aymazlığının cezalandırılmasını ve tarafıma bildirilmesini rica ederim.