<DURATION>1</DURATION>-<DURATION>2 aydır</DURATION> <SET>günlük</SET> internetten kopma sayım 100&apos;ün üzerinde. <SET>Günde en az 3 defa</SET> aradığım halde çözümsüz kalıyor. Web tabanlı muhasebe programı kullanıyorum. Ne fatura kesebiliyorum ne tahsilat makbuzu verebiliyorum. Özellikle burası iş yeri mağdur oluyorum acil bakılmasını istiyorum desem de <SET>her gün</SET> aynı şeyler. <DURATION>Yıllardır</DURATION> Turkcell kullanıcısıyım sırf bu yüzden Turkcell hattımı bile başka firmaya transfer edeceğim.