<DATE>1 Nisan tarihinde</DATE> eşimle birlikte kullandığımız Aile 6 paketi taahhüdü bitmek üzere denildi. Biz de internet sürekli bittiği için 15GB Aile paketine geçelim dedik. İşlemi yapmışlar <DURATION>24 ay</DURATION> Aile 15GB geçişi tamamlanmış. Buraya kadar sorun yok. Numaraları ekleyeceğiz. &quot;<DATE>Şu an</DATE> işleminizi gerçekleştiremiyoruz&quot; <TIME>akşam</TIME> yeniden deneyelim, yine olmuyor. Müşteri hizmetlerini arıyoruz, &quot;bekleyin teknik ekip inceliyor&quot; diyorlar. <DATE>Bugün</DATE> <DURATION>15. Gün</DURATION> Tarifeye numara ekleyemediğimiz için <DURATION>49 yaşındaki</DURATION> ben, &quot;Başlangıç tarifesinde Mobil Veriyi kapatarak&quot; işe gidip geliyorum. Telekom, sorunu çözemediği gibi, eşim <DATE>az önce</DATE> aradığında, taahhüdü bitirirseniz <DURATION>24 saat</DURATION> içinde hattınız kısıtlanır, <DURATION>7 gün</DURATION> arama yapamazsınız. Sonra da hattınız sürekli kapanır diye tehdit ediyor. Böyle bir rezaleti ne duydum, ne de işittim. Lütfen sorunu çözün diyoruz, <DURATION>15 gündür</DURATION> internet kullanamıyorum. Düzelmezse, operatörümü değiştireceğim diyorum. Beni, numaramı iptal etmekle tehdit ediyorlar. <DURATION>14 yıldır</DURATION> aynı operatörde olmanın ödülü yok, ama cezası çok. Her ne olursa olsun, operatörü değişeceğim ve bir daha da dönmeyeceğim. Bu ayıbı da, herkes okusun diye, buraya bırakıyorum.