1Z9A642R6814***290 takip numaralı kargom kendilerinin bilgilendirmesine göre <DATE>8 Nisan</DATE> <DATE>perşembe</DATE> elimdeydi. <DATE>Ayın 13&apos;ü</DATE> oldu ve kargom daha dağıtıma bile çıkmadı. Ürünü <DATE>5 nisanda</DATE> kabul etmişler. <DURATION>8 gündür</DURATION> neyi bekliyorum ben tam olarak? Müşteri hizmetlerine ulaşmak zaten çok zor. Bulamıyorsunuz kimseyi. Gerçekten kargom bu firmaya verildiğinde moralim bozuluyor. Bir kez olsun sorun yaşamamışlığım yok. Bari dağıtıma çıkarılsın gerçi dağıtımda da en az <DURATION>1 hafta</DURATION> beklerim gibi. Çözüm istiyorum.