<DATE>05.04.2020&apos;de</DATE> firmanıza teslim edilen İstanbul içindeki ünlü bir mağazadan teslim aldığınız ürünü <DATE>08.04 gününe</DATE> termin vermesine rağmen, ulaştırmayıp üzerine kargo takipten bakıldığında açıklamaları bir anda durdurdular.&#160;
UPS &apos;i birkaç kez aramama rağmen ulaşamadım, şikayet kaydı oluşturdum geri dönüş yapılmadı. <DATE>Bugün</DATE> <DATE>13.04 tarihinde</DATE> &quot;<DATE>ileri ki bir tarihte</DATE> teslimat için bekletiliyor&quot; açıklaması girilmiş. Ürünü satın aldığım firmayı arayarak iptalini istedim.&#160;
<DATE>Pandemi döneminde</DATE> gecikmeleri kabul ederim ama dalga geçer gibi evde bekletmek ha geldi ha gelecek kaygısı yaşatıp <SET>her gün</SET> bunun kontrolünü sağlamaktansa ben de mağazaya gider alışverişimi orada yaparım. Bu kadar büyük bir firma yapılan kabalık.