Dün Antalya meydankavağı mh Yurtiçi Kargo şubesine resmi kurumda çalıştığımdan <TIME>saat 18.15</TIME> sıralarında gittim. <DATE>Ayın 7 sinden</DATE> beri dağıtıma çıkardıkları kargom anlaşılan şubeden bile çıkmadan <DATE>12 Nisan&apos;da</DATE> iade sürecine girmiş. Bu şubede bulunan cansu adındaki bayan bana <DURATION>10 dakika</DURATION> beklersem yardımcı olacağını söyledi. Ancak <DURATION>15 dakika</DURATION> geçtiği halde ilgilenmedi. Sorduğumda ise bağırarak yetiştirmesi gereken bir sürü işi olduğunu söyledi. Saygısız, agresif ve çözümsüz yaklaşımından dolayı kargomla ilgili bilgiyi başka bir erkek görevli sayesinde öğrendim. Beni bekletip bağırıp çağıran ve yardımcı olmayan bu kişi ben tam oradan uzaklaşırken küfür etti galiba, dönüp tekrar sorduğumda ise cevap vermedi. Bu ç**** adındaki bayandan şikayetçiyim.