Garanti Bankası Kartal şubesindeki Kurumsal müşteri temsilcim ipek hanım aracılığıyla işletmeme pos cihazı aldım. Vergi levhamda araç alım satım ibaresi mevcut. Yaptığım iste alım satım. Fakat ipek hanım benim bilgim dışında banka sistemine araç kiralama olarak giriş yapmış ve pos cihazımın <SET>günlük</SET> 20.000 TL limiti varmış bunu da bana asla bilgilendirilmesi yapılmadı. <DATE>12.04.2021 tarihinde</DATE> 42.000 TL postan çektiğim paramı <DATE>bugün</DATE> tahsil edemedim. ( <SET>günlük</SET> çalışıyoruz). Kendisi bu noktada bana <DATE>bugün</DATE> limitimin 20 bin olduğunu ve limiti aştığım için paranın bloke olduğunu söyledi. Kendisine limit hakkında bilgim olmadığını söylediğimde ise araç kiralama da 20.000 bin tl üzeri limit belirleyemiyoruz diye bir cevap aldım. Araç kiralama yapmadığımı vergi levhamda dahi bu ibarenin mevcut olmadığını ki şayet hesap hareketlerimden de anlaşılacağı üzere işimin kiralama olmadığı alim satış olduğu barizdir. Kendisine kiralama adına hiçbir ifade beyanım olmamıştır. <DATE>Öncesinde</DATE> de ufak tefek sorunlar yaşayıp fazla üzerine durmayıp fakat müşteri hizmetlerine şikayetimin olduğu olmuştur. ( bilgim dışında iş yerime ait faturaları otomatik talimata yine bilgim dışı hesabımdaki paranın <DATE>hafta sonu</DATE> nema dedikleri sistemde işletilmesi gibi sorunlar) <DATE>Şimdiki</DATE> mağduriyetime çözüm üretmemekle beraber <TIME>gün içinde</TIME> sorunu <DURATION>bir saate</DURATION> çözeceğim diyerek <DURATION>3 saat</DURATION> sonunda bana blokeyi kaldıramıyoruz <DURATION>40 gün</DURATION> sonunda <DATE>23 mayısta</DATE> paranın bana verileceğini beyan etmiştir. Bu aksaklıktan <DATE>bugün</DATE> isim sekteye uğramıştır maddi zararım olmuştur. En kısa sürede bilgim olmadığı için gelişen bu mağduriyetin giderilmesini ve blokemin kalkarak paramı talep ediyorum. Pos cihazını <DATE>bugün</DATE> şubeye elden teslim edip artık garanti ile çalışmayacağımı beyan ettim pos cihazım iptal edildi fakat ticari hesabım bloke sonrası paranın hesabıma yatacağından kapatılmamıştır. Hesabımdaki paraları çektim bir daha Garanti Bankası ile çalışmayacağım ufak tefek sorunları sürekli yaşadığım ama iş yerime yakin olduğu için tolere ettiğim şube bu defa beni maddi zarara uğratmıştır. <DURATION>Günümün yarısı</DURATION> da bu sorunla uğraşmak ile heba olmuştur