Sonu 4152 ile biten Axess Platinum kredi kartımı bankanız bana verirken kesinlikle <SET>yıllık</SET> abonelik ücreti olmayacağını ısrarla söylemiştir. Ben de buna dayanarak kartı aldım. <DATE>11.01.2020 tarihinde</DATE> kesilen 169,00 TL üyelik ücretinin aşağıda belirtilen kanun hükümleri gereği ve ekstra hiçbir şarta bağlanmaksızın iptal edilmesini talep ediyorum. 
&quot;Tüketici kanunu <DATE>28 Mayıs 2014</DATE> 31. Madde 3. Fıkra: kart çıkaran kuruluşlar, tüketicilere <SET>yıllık</SET> üyelik aidatı ve benzeri isim altında ücret tahsil etmedikleri bir kredi kartı türü sunmak zorundadır. 4822 sayılı kanun ile değişik 4077 sayılı tüketicinin korunması hakkında kanunun sözleşmedeki haksız şartlar başlıklı 6. Maddesi gereğince bankanızın almakta olduğu üyelik ücreti herhangi bir hizmet karşılığı olmadığından, söz konusu sözleşme şartı <DATE>önceden</DATE> hazırlanmış özellikle standart sözleşmede yer alması nedeniyle içeriğine etki edilmeyip müzakere edilemediğinden haksız şarttır.&quot;13. Hukuk dairesince verilen 2011/4736 esas 2011/11579 sayılı son karara göre söz konusu <SET>yıllık</SET> kart ücreti aidatının bk. 125. Madde HGK 2010/1-93-88 sayılı karar uyarınca <DATE>geriye</DATE> dönük kesilen kart aidatlarının da iadesinin olacağına dair de kesin hükmü bulunmaktadır.&quot;
Üyelik ücreti olarak alınan 169,00 TL aidat ücretinin tarafıma iadesi hususunda gereğinin yapılmasını, üyelik ücretinin iptalini ve tarafıma iadesini talep ediyorum. Aksi takdirde Bankalar Birliği ve Tüketici Hakem Heyeti gibi ilgili yerlere şikayet edeceğimi bildirir bu durumun ivedilikle kurum tarafından çözüme ulaştırılmasını talep ederim.