Sonu 8195ile biten Akbank Axess kredi kartıma <DATE>12/04/2021 tarihinde</DATE> yansıtılan 191.59 TL Üyelik ücretinin aşağıda belirtilen kanun hükümleri gereği ve ekstra hiçbir şarta bağlanmaksızın iptal edilip tarafıma iade edilmesini istiyorum. “Tüketici kanunu <DATE>28 Mayıs 2014</DATE> 31. Madde 3. Fıkra: kart çıkaran kuruluşlar, tüketicilere <SET>yıllık</SET> üyelik aidatı ve benzeri isim altında ücret tahsil etmedikleri bir kredi kartı türü sunmak zorundadır. 4822 sayılı kanun ile değişik 4077 sayılı tüketicinin korunması hakkında kanunun sözleşmedeki haksız şartlar başlıklı 6. Maddesi gereğince bankanızın almakta olduğu üyelik ücreti herhangi bir hizmet karşılığı olmadığından, söz konusu sözleşme şartı <DATE>önceden</DATE> hazırlanmış özellikle standart sözleşmede yer alması nedeniyle içeriğine etki edilmeyip müzakere edilemediğinden haksız şarttır.” “13. Hukuk dairesince verilen 2011/4736 esas 2011/11579 sayılı son karara göre söz konusu <SET>yıllık</SET> kart ücreti aidatının bk. 125. Madde ve HGK 2010/1-93-88 sayılı karar uyarınca <DATE>geriye</DATE> dönük kesilen kart aidatlarının da iadesinin olacağına dair de kesin hükmü bulunmaktadır.” üyelik ücreti olarak alınan 216,50 TL aidat ücretinin tarafıma iadesi hususunda gereğinin yapılmasını, üyelik ücretinin iptalini ve tarafıma iadesini talep ediyorum.
Ayrıca bilgim dahilinde olmadan <DATE>geçmişe</DATE> dönük ekstreler için de kesilmiş bir aidat ücreti var ise onların da tarafıma geri iade edilmesini talep ediyorum.