<DATE>25 Ocak tarihinde</DATE> Sancaktepe Halkbank şubesinden banka kartı talebimi gerçekleştirdim, hesap numaramı aldım. <DURATION>7</DURATION>-<DURATION>10 gün</DURATION> içerisinde kartın evime teslim edileceği söylendi. Günlerden <DATE>13 Nisan</DATE> olmasına rağmen kartımı hala teslim alamadım! Evden çalıştığım ve <SET>hafta sonları</SET> yasak olduğu için beni kuryenin evde bulamama ihtimali olmamasına, hiçbir şekilde kurye tarafından aranmamış olmama rağmen her seferinde aynı yalan söylenerek kartım iade ediliyor. Kurye gelmiş ama beni evde bulamamış! Ne şube ne de müşteri hizmetleri hiçbir şekilde yardımcı olmuyor. Müşteri hizmetleriyle defalarca görüşme yaptım, çözüm yok. Her seferinde aynı adresi yeniden doğruluyorlar ve kartınız teslim edilecektir diyorlar. Hatta bazen bir müşteri hizmetleriyle yaptığım görüşmeyi diğeri yalanlıyor. Hepsinin kayıtları konuşma başında söylediğiniz gibi mevcut. Kartıma <DURATION>aylardır</DURATION> ulaşamıyorum, bu işin peşini bırakmayacağım ve bu sorumsuzluk için en yakın zamanda bir avukatla görüşeceğim. Çok sıkıldım bu mevzudan, kartıma ulaşmak istiyorum. Bu kadar zor olmamalıydı. Başka bankalarda benzeri kartlar <DATE>aynı gün</DATE> alınırken mecburen kullanmak zorunda olduğum kartı <DURATION>aylardır</DURATION> alamamam komik bir durum.