Türk Telekom evde internetim <DATE>bugün</DATE> <TIME>sabah 9 dan</TIME> beri yok aradığımda <TIME>13.22 de</TIME> arıza giderilecektir dedi sesli yanıt sistemi <DATE>şu an</DATE> aradığımda <TIME>17.30</TIME> diyor evden çalışan biri olarak mağdurum <DATE>şu an</DATE> faturalarımı <DATE>gününden</DATE> önce öderim sözleşme karşılığı bir hizmet sunuyorsanız ücrette alıyorsanız karşılığı insanları mağdur etmek olamaz. Arıza olur ama <DURATION>1 saat</DURATION> içinde o arıza çözülür çözmek zorundasınız <TIME>saat 17. 30</TIME> nedir acilen arıza giderilsin her yerden şikayet edeceğiz bölge olarak rezillik.