Halkbank ile çalışan bir öğretmenim. Maaşlarımızı Halkbank&apos;tan aldığımız içi maaş blokeli kredi çektim. <DATE>Geçen ay</DATE> aradım ve <DATE>bu ay</DATE> acil ihtiyacım olduğunu ve blokenin kaldırılmasını talep ettim telefon ile müşteri temsilci ile görüşerek. Neyse <DATE>ayın 16sında</DATE> mesaj geldi blokeniz kaldırıldı diye kredi çekildikten sonra. Aradım yine <DATE>o gün</DATE> dedim böyle saçmalık mı olur falan dediler <SET>aylık</SET> olarak bunlar oluyor <DATE>önümüzdeki ay</DATE> <DURATION>1</DURATION>-<DURATION>2 gün</DURATION> önceden arayınız dediler. Aradım buradan hiçbir şekilde olmaz şubeye gidin dediler. Dedim şehir dışındayım ve <DATE>geçen ay</DATE> bunlar oldu falan olmaz buradan şubeden dediler. Neyse zorla kayıt açtırdım falan mesaj geldi olumsuz. <DATE>Geçen ay</DATE> olumlu olan <DATE>bu ay</DATE> nasıl olumsuz oluyor. Eminim <DATE>15 inde</DATE> arasam tamam diyecekler ve <DATE>16sında</DATE> bloke kaldırıldı diyecekler. Blokemin <DATE>bu ay</DATE> kaldırılmasını istiyorum. <DATE>15inde</DATE> kaldırılmasını istiyorum.