<DATE>07.04.2021 tarihi</DATE> <DATE>çarşamba günü</DATE> <TIME>saat 15.48 de</TIME> Adana&apos;nın Seyhan ilçesindeki s1584153 numaralı Halkbank ATM&apos;sinden, VakıfBank bankomat kartıma 8800 liralık para yatırma işlemi sırasında bankamatik tarafından param yutuldu. <TIME>O dakika</TIME> itibariyle kendi bankamla irtibata geçilmiş olup gerekli bildirim yapılmıştır. Fakat yaşanılan sorunun üzerinden <DURATION>6 gün</DURATION> geçmesine rağmen hala mağduriyetim giderilmemiştir. Konu ile alakalı mağduriyetimin acilen giderilmesini arz ediyorum.