Halkbank müşterisiyim. Yaklaşık <DURATION>3 ay</DURATION> önce kapalı olan Paraf kartımın kullanıma açılması karşılığında 125 TL ParafPara yükleneceği; ancak bunun için kartımın <DURATION>1 yıl</DURATION> kapatılmaması ve <DURATION>2 ayda</DURATION> toplam 400 TL harcama yapılması gibi şartları kabul etmem gerektiği belirtilmiştir. Belirtilen şartları kabul ettim ve <DURATION>ilk ay</DURATION> 500 TL harcama yaptım. Kartımın şu an kullanıma açık olmasına ve belirtilen tutar harcamayı yapmış olmama rağmen tarafıma <DATE>Mart ayında</DATE> 125 TL &quot;ParafPara iptali&quot; açıklamalı borç tahakkuk ettirilmiştir. Defalarca müşteri hizmetlerine sorunu bildirmeme rağmen maalesef iptal işlemi yapılmamıştır. Belirtilen açıklamadaki referans no ile yapılan görüşme kayıtlarının dinlenmesi halinde sorunun çözülmesi anlık bir işlem olduğu halde mağduriyet oluşturulması Halkbank&apos; ın müşteri memnuniyetinin de en açık göstergesidir. Söz konusu banka kredi kartını kullanan ya da kullanma teklifi alan kişilerin bu hususa dikkat ederek önlem almaları lehlerine olacaktır. Saygılarımla.