<DATE>Geçen yıl</DATE> Halkbank&apos;tan Küçük Esnaf cansuyu kredisi kullanmıştım, <DURATION>2 ay</DURATION> kadar önce haberlerde kredilerin <DURATION>6 ay</DURATION> ertelendiğini duydum ve bankamı aradım müşterisi temsilcisine durumu açıkladım, müşteri temsilcisi beni doğru düzgün dinlemeden hiçbir işlem yapmanıza gerek yok krediniz otomatik olarak ertelenir dedi, biraz şüphelendim (çünkü <DATE>daha önce</DATE> telefonun sim şebekenin değişimi sırasında oluşan SMS güvenlik blokesini kaldırmak için hesap açtığım şubeye yaklaşık 5 kez gitmek zorunda kalmıştım sanırım 5. ancak düzeltebilmişlerdir) <DURATION>bir</DURATION> <DURATION>iki gün </DURATION>sonra tekrar Halkbank&apos;ın müşteri temsilcisini aradım ve yine müşteri temsilcisi hiçbir araştırma yapmadan bana kredimin otomatik olarak erteleneceğini herhangi bir işlem yapmama gerek olmadığını söylediler, fakat iki sonra şubemi aradığımda bana kredimin gecikmesi olduğunu bunun bankalardaki notumu olumsuz etkileyeceğini söyledi, bunun üzerine <DURATION>iki aylık</DURATION> kredimi gecikme faizi ile birlikte yatırdım, sonrasında Halkbank&apos;ı arayarak bir şikayet dilekçesi oluşturdum, fakat <DURATION>iki haftadır</DURATION> ne arayan var ne soran var, müşterilerin sorunlarına bu kadar duyarsızlık görmedim, umarım beni yanıltırlar ve durumu düzeltirler.