VakıfBank petrolkent şubesinden Batman görevli memur VakıfBank aracılığıyla hayat emeklilikten bana bireysel emeklilik sistemi açtı kredi notumun yükselmesi için olduğunu ifade ederek.
0543*****97 numaralı hattımdan 0850 202 20 20 (Türkiye sigorta/emeklilik ) arayarak maddi durumumdan dolayı paraya ihtiyacım olduğunu belirttim, <DATE>25.03.2021 tarihinde</DATE> katılımcı ayrılma talebi formu gönderdim.
<DATE>13 Nisan 2021 tarihine</DATE> kadar müşteri hizmetleri çağrı merkezini defalarca aradım ödemenin yapılacağını <DURATION>5 iş günü</DURATION> içinde olacaklarını söylediler. 
<DATE>13 Nisan 2021 tarihinde</DATE> tekrar aradığımda içeride alacağım paranın sözleşmeye göre kesildiğini söylediler. Ben defalarca paraya ihtiyacım var o yüzden çıkmak istediğimi belirttim müşteri hizmetlerine notlar aldılar acil ihtiyacı var hızlandırdılar çıkış işlemlerimi, kesinlikle de bir kişi bile bana çıkış yaparsan paran kesilecek demedi. 
Tamam bireysel emeklilik sisteminde olan birikimim yanmasın madem devam etmek istiyorum dedim bu kez de <DATE>09 Nisan 2021 günü</DATE> ayrılışınız yapıldı geri dönüşümü olmayacağı söylendi. 1057 TL sisteme kazandırmak uğruna bir tane uyarı, ikaz, tebliğ yapılmaz mı o kadar müşteri hizmetleri çağrı merkezi personeli ile konuştum biri bile böyle bir durum var hak kaybın olur mağdur olma neden demez anlamıyorum.
Ben mağdurum, en yakın zamanda mağduriyetimin giderilmesini istiyorum.