Türk Telekom 8803610** hizmet numaralı internet hizmetini yaklaşık <DURATION>3</DURATION>-<DURATION>4 gündür</DURATION> almamız gereken hizmet 35 Mbps olması gerekirken biz 0.6 Mbps hız almaktayız. Konuyla ilgili <DURATION>3</DURATION>-<DURATION>4 gündür</DURATION> Türk Telekom müşteri hizmetlerini arayıp destek talep etmemize rağmen hiçbir şekilde internet hızımızda bir düzelme söz konusu değil. <DATE>13.04.2021 tarihinde</DATE> <TIME>saat 12.50&apos;de</TIME> müşteri hizmetleri ile yaptığım görüşmede sorunun modemden olduğu ve modem firmasını aramam gerektiği söylendi. Bu arada kullandığımız modem Türk Telekom&apos;un bize vermiş olduğu modem. <DATE>Aynı gün</DATE> <TIME>saat 13.15&apos;de</TIME> kuralkan firması ile yaptığım görüşmede E**hanım tarafından sorunu Türk Telekom ile çözmem gerektiği söylendi. Modemleri güncellemelerini otomatik yapmaktaymış. Türk Telekom müşteri temsilcisi güncelleme sorunu vardır demişti. Türk Telekom müşteri hizmetlerine 2934884333 numaralı arıza dosya numaramız mevcut. Fakat hiçbir şekilde tarafımıza destek sağlanmıyor. Türk Telekom firmasından <DURATION>3</DURATION>-<DURATION>4 gündür</DURATION> devam eden ve çözüm üretmiyorlar. Sorunum giderilmiyor ve 35 Mbps hız alacaksınız diye verdikleri kontrattan biz <DATE>şu an</DATE> 0.6 Mbps hız alıyoruz.