Ankara Sincan buhara Caddesi şubesinden bir adet siyah spor ayakkabısı aldım. <DURATION>Bir hafta</DURATION> içinde ayakkabının yüzeyinde ipliksi dökülmeler gerçekleşti. Mağazadaki sorumlu arkadaşımız c*** beye durumu ilettim ve ayakkabıyı gösterdim. Kendisi firma ile görüşeceğini söyledi. <DATE>12.04.2021&apos;de</DATE> şubeye gelmemi istedi.
<DATE>Bu tarihte</DATE> şubeye gittim oradaki arkadaş bölge sorumlusu ile görüştük tekrar rafa kaldırıp satamayacağını ve iadesinin olmayacağını söylemiş. <DATE>Şimdi</DATE> size soruyorum bu ayakkabıyı ben ne yapayım? Ayakkabı üzerinde ve muhtelif yerlerinde ipliksi dökülmeler oluyor ben bu ayakkabıyı ne yapacağım. Yazıktır ayıptır bu kadar da olmaz.&#160;
<DURATION>Bir haftalık</DURATION> ayakkabı kullandım ayakkabı dağılıyor. Yetkililerden çözüm bulmasını istiyorum. A101&apos;e yakışmıyor. Lütfen problemi çözün.