<DATE>10 Nisan&apos;da</DATE> Sürat Kargo 1442******1202 takip numaralı kargomun Esatpaşa / İstanbul Şubesine ulaştığını mesajla bildirdi. Sürat Kargo Esatpaşa Şubesi&apos;ne telefonla ulaşılmıyor. <DATE>13 Nisan</DATE> <DATE>Salı günü</DATE> 08502020202 müşteri hizmetlerini 2 kez aradım. Pakette süt ürünleri olduğunu, hemen teslim edilmesi gerektiğini bildirdim. İlk görüşmede <DATE>bugün</DATE> teslim edileceğini bildirdiler. <TIME>Akşamüstü</TIME> tekrar aradığımda, kuryenin <DATE>10 Nisan&apos;da</DATE> dağıtıma çıktığını ama evde kimse olmadığını bildirerek paketi tekrar Esatpaşa Şubesi&apos;ne getirdiğini söylediler. <DATE>Bugün</DATE> de kuryenin programında bize paketimizi getirmek yokmuş! Kars&apos;tan gelen paket süt ürünleri ( peynir +tereyağ) içeriyor, ürünlerin bozulma ihtimaline mi üzüleyim, yoksa Sürat Kargo&apos;nun ya da kuryesinin &apos;&apos; geldik ama evde bulamadık&apos;&apos; diye yalan bilgi vermesine mi sinirleneyim gerçekten şaşırdım. Biz <DATE>10 Nisan&apos;da</DATE> evdeydik ( annem <DURATION>65 yaş</DURATION> üstü olduğu için sürekli evde). Apartman görevlisi de <DATE>Cumartesi</DATE> ve <DATE>pazartesi günü</DATE> Sürat Kargo&apos;nun hiç gelmediğini söylüyor, güvenlik kamerası da var. Sürat Kargo &apos;dan paketimi en kısa sürede getirmesini istiyorum. Ürünler bozuk çıkarsa iade edeceğim.