Ben haymanada yaşıyorum ve Sürat Kargo haymanaya <SET>haftada 1 kez</SET> geliyormuş o da <DATE>pazartesi günü</DATE> kargom <DATE>pazartesi günü</DATE> Sürat Kargo Polatlı şubesine ulaşmasına rağmen bana ulaştırmadılar. <DATE>Bugün</DATE> aradığımda ise <DATE>bu hafta</DATE> yoğunduk diye bir tepkiyle karşılaştım ve bana <DATE>haftaya pazartesi</DATE> geleceğini söylediler. Bu kadar sorumsuz bir firma görmedim. Siz kurumsal bir firmasınız sizin yoğun olmanız beni mağdur edemez kargomun <DATE>bu hafta</DATE> içerisinde gelmesini istiyorum. Ücretini ödediğimiz hizmetin karşılığını verin