<DURATION>1 hafta</DURATION> önce Huawei watch gt 2 akıllı saatimi Kadıköy Huawei servisine verdim şikayetim seslerin cızırtılı gelmesiydi <DATE>ertesi gün</DATE> teslim aldığımda bir problem yoktu ve saatin arka kapak modülünün değiştiği söylediler. Saati daha sonra kullanmadım çünkü şehir dışına çıktım İstanbul&apos;a döndüğünde telefonu şarja taktım ve ekran gidip gelmeye başladı sonradan hiç gelmedi <DATE>bugün</DATE> tekrar servise gittim ve saatin garanti kapsamı olduğunu değişim için 669 TL gibi bir ücret istendi bana saatin darbe aldığını ve iç ekranının çatlamış olduğunu söylediler.&#160;
Oysaki saati hiç kullanmadım ve ailemle birlikte şehir dışında olduğum için saatin darbe alması da imkansızdı çünkü Saat İstanbul&apos;daydı ve <DATE>bugün</DATE> <TIME>gün içerisinde</TIME> tekrar gittim teslim kağıdını istediler verdim ve buruşturup attılar iade kağıdını aldım ve hiçbir şekilde iyi bir muamele görmedim. Şahsen ben şöyle düşünüyorum saat servisteyken açıldığında iç ekranın hasar gördüğünü düşünüyorum.
En yakın zamanda Tüketici Hakları&apos;na gidip hakkımı arayacağım.