<DATE>25 Mart 2021 &apos;de</DATE> A101 ®&apos; den almış olduğum Huawei Y5 <DATE>2019</DATE> telefonumun <DATE>ilk günden</DATE> itibaren şarjı <DURATION>1 gün</DURATION> geçmeden bitiyor. Aynı telefonu eşim kullanıyor şarjı <DURATION>3 günü</DURATION> aşan süre dayanırken benim şarjım neden <DURATION>24 saatte</DURATION> bitiyor üstelik bu telefon yeni ve çok kullanan birisi de değilim. Eşim kullandığı için şarj ömrüne güvenerek almıştım ama hayal kırıklığı yaşadım resmen.