TurkNet internet yeni abonesiyim. <DATE>02.04.2021 tarihinde</DATE> başvurumu yaptım. <DATE>05.04.2021 tarihinde</DATE> aranarak bağlantılarınız hazır evde kurulum için <DATE>09.04.2021 tarihinde</DATE> geleceklerini belirttiler. Ben bu esnada gerekli bağlantılarımı yapıp, TurkNet online işlemlerden almış olduğum bilgiler ile modem kurulumu da gerçekleştirdim. <DURATION>1</DURATION> veya <DURATION>2 gün</DURATION> kullanabildim. <DATE>09. 04.2021 tarihinde</DATE> kurulum için gelen teknisyen arkadaşa da modem kurulumlarını ve bağlantılarımı yaptığımı söyledim, fakat siz gelmeden önce internetimin gittiğini belirttim arkadaş da kontrol etti ( oda bina girişinden eve ® internet gelmediğini teyit etti ve arızayı bildireceğini söyledi.) Tarih olmuş <DATE>13.04.2021</DATE> ve hala ne arayan ne soran var, online işlemlerden alt yapınızda çalışma var şeklinde arızanın olduğu belirtiliyor. Arıza <DURATION>5 gün</DURATION> olmuş hala çözülemiyorsa... Bununla beraber daha interneti doğru düzgün kullanamadan 122 TL kurulum parası çıkıyor.