<DATE>3 Şubat 2021 &apos;de</DATE> TurkNet&apos;in 85 TL. Lik kampanyasına abone oldum. Müşteri temsilcisi otomatik ödeme talimatı vermem durumunda bu ücretin 75 TL. Olacağını ve referans numarası verirsem <DURATION>bir aylık</DURATION> bedava internet kullanacağımı bildirdi. İnternet kurulumunu biz kendimiz yaptık <DURATION>15 gün</DURATION> sonra 123 TL. Lik bir fatura bedeli geldi.
Müşteri temsilcilerine ulaşamayınca online sistemden bu durumu bildirdim. Verilen cevap şu&quot;kurulum ücreti herkesten alıyoruz otomatik ödemeyi kurulumdan önce müşteri. Temsilcimizden beyan etmemişsiniz&quot; dendi. Bu vermiş oldukları cevabın doğru olmadığını haksız yere benden ücret aldıklarını yazdım ama dönmedikleri gibi yine <DATE>bu ay</DATE> 122 TL. Fatura geldi. Bu böyle kaç ay devam edecek ve <DURATION>bir aylık</DURATION> ücretsiz internet hakkımı kullanılabilecek miyim? Diğer bir nokta <DURATION>on gündür</DURATION> hiç internetim yok çocuğum dersini cep internetten dinliyor <DATE>bu ay</DATE> o da bitti. Kullanmadığım internete de boş beleş para veriyoruz yazık bizlere çok yazık.