Samsung müşteri hizmetleri h** bey hakkında Samsung ® m 20 telefonumu aynı sıkıntıdan 2. Kez garantiye DHA&#160;iletişime göndermiş bulunmaktayım. Telefon kendiliğinden açılıp kapanma sorunu devam ettiğinden servis 1110 TL ücret çıkardı. Neymiş ekran kırıkmış telefonu tüm değerlendirirlermiş <DURATION>1 yıl</DURATION> önce ekran kırık değildi. Ben aynı sıkıntıdan gönderdim güncelleme yapıp göndermişler sanki biz güncelleme yapamıyoruz aynı sorun sonra devam etti yine aradım müşteri hizmetlerini bana dediler ki yine gönderin dediler dalga geçer gibi. Ben emin değilim oraya gitse yine bir şey yapılmadan gönderirler dedim durum tahmin ettiğim gibi çıktı <DATE>pazar</DATE> <DATE>9 nisandan</DATE> beri garantide bekleyen telefona henüz bir çözüm çıkmadı. Çözüm ekibinden h*** beyin ulaşmasını bekliyoruz. <DATE>Cuma gününden</DATE> <DATE>salı</DATE> oldu hala bekliyoruz ben 10 sefer müşteri hizmetlerini aradım mail bile atıldı hala dönüş bekliyoruz. Samsung Türkiye ® garantili diye aldığımız ürün ve karşı beklenen hizmet sıfır DHA iletişimden başka garanti noktası yokmuş gibi ve yetkili personele ulaşamamaktan gına geldi.