Samsung a71 november 1 security patch duruyor hala. 2 çeyrek update bir de büyük ui update&apos; i kaçırmış bulunmaktayım. <DATE>Şu an</DATE> <DATE>nisan&apos;ın 13&apos;</DATE>ü. Bütün Avrupa, Güney Amerika, Asyanın büyük çoğunluğu güncelleme aldı üstüne april security patch de aldı. Biz TR simülasyonunda feb security patch kaçırdık One ui 3.1 kaçırdık üstüne april security patch kaçırdık. Samsung ®&apos;a konuyla ilgili mail attım.
Sorularıma kesinlikle cevap verilmeden bana Güncelmiyiz.com diye bir site attılar ve scheduled date <DATE>15 Mart</DATE> <DATE>15 Nisan</DATE> arası diyor <DATE>bugün</DATE> <DATE>13 Nisan</DATE> herkes aldı üst üste 2 update aldı bu aralıkta. Yazılım desteği konusunda Samsung bazı bölgeleri unutuyor Belli ki. İlk kez Samsung almıştım telefonu yaşlı babama verip düzgün bir Android alıyorum.