D-Smart internet üyeliğimi <DURATION>3 ay</DURATION> önce sonlandırmama ve son fatura borcumu ödememe rağmen <DATE>bugün</DATE> (<DATE>13.04.2021</DATE>) yani iptal edildikten <DURATION>3 ay</DURATION> sonra telefonuma gelen 67 TL fatura mesajı ve <DATE>bugünün</DATE> <DATE>son ödeme tarihi</DATE> olduğunu öğrendikten sonra D-Smart ® müşteri hizmetlerini aradım fatura sorgulamak istedim. Durumumu açıkladım fakat sistemin çalışmadığını söylediler. Ben hemşireyim <TIME>mesai saatindeyim</TIME> tekrar müsait olamayacağımı <DATE>şu anda</DATE> bilgi almak istediğimi belirttim. Fakat müşteri danışmanı n*** hanım bir tavırla &apos;&apos;ben burada boş boş konuşmak için varım&apos;&apos; dedi. Ben böyle bir şey görmedim. Hem <DURATION>aylar</DURATION> öncesinde iptal ettiğim internetin faturası geliyor üstelik <DATE>son ödeme tarihi</DATE> <DATE>bugün</DATE> olan aynı zamanda yardım almak için aradığım müşteri hizmetlerinden böyle bir tavırla karşılaşıyorum. Bu süreç için tüm hukuki yollara başvuracağım.