Bir e-ticaret sitesinden ürün aldım. Ürünüm Sürat Kargo firmasına verildi. Niğde Çamardı ilçesinde ikamet ettiğim için teslimat adresimi ilçe olarak verdim. Ürünüm Sürat Kargo arabasında Adana dan Erzurum&apos;a oradan Aksaray&apos;a bayağı bir gezdikten sonra. <DATE>Cuma günü</DATE> teslim edilmesi gereken kargom, gecikmeli olarak <DATE>9 Nisan</DATE> <DATE>cumartesi günü</DATE> Niğde Sürat Kargo şubesine geldi. Kısıtlamadan dolayı gidemediğim için şube telefonu arayarak ( şubede telefonu açan erecek personel) durumu izah ettim ve ilçeye göndermeleri rica ettim ilçeye gönderemeyiz, kuryemiz yok dediler. <DATE>Salı günü</DATE> (<DATE>13 Nisan</DATE>) <TIME>akşama</TIME> kadar şubemizden teslim alın dediler. (Telefon görüşmeleri mevcuttur.) ben de ilçede oturduğum için kendimi <DATE>salı günü</DATE> almaya hazırladım. <DATE>Salı</DATE> <TIME>sabah saat 10 gibi</TIME> gelip kargomu alacağımı söylemek için tekrar aradığımdığımda <TIME>saat 9.30 da</TIME> kargomun iade edilmesi için gönderildiğin söyledi, bana <DATE>salı günü</DATE> <TIME>akşama</TIME> kadar alabilirsiniz niye böyle yapıyorsunuz, yanlış bilgi veriyorsunuz, sizi şikayet edeceğim deyince de şubeye gelin görüşelim gibi tehditkar sözler söylüyor bu ne demek oluyor. Önce <DATE>salı</DATE> <TIME>akşama</TIME> kadar alabilirsiniz deyip <DATE>salı</DATE> <TIME>sabahı</TIME> iadeye göndermeleri ne demek oluyor. Niğde Sürat Kargo Şube çalışanı bana yalan yanlış bilgi verip mağdur duruma düşürdü. Ben böyle sorumsuzluk görmedim. Ses kayıtları mevcut. Mağduriyetim karşılığını yasal yollardan aramak için <DATE>bugün</DATE> avukat ile görüşeceğim hakkımı arayacağım. Bir daha kesinlikle Sürat Kargo ile ne ürün alırım ne kargo gönderirim. Sipariş verecek, kargo gönderecek arkadaşlar kargo şubenizi iyi seçin benim gibi mağduriyet yaşamayın.