Öncelikle merhabalar, insanların nasıl boyner.com.tr üzerinden ve Boyner uygulama üzerinden mağdur edildiğini anlatacağım. <DATE>Ocak ayında</DATE> eşime triko ürünü aldık ve üzerinden tam <DURATION>3 ay</DURATION> geçti sonra biz bunun kalitesini iyi bulmadık kalite problemi var göndermek istemiyoruz tarzında açıklama- ki yalan, madem öyle neden halen aynı ürünü siparişte tuttun <DURATION>aylarca</DURATION>? - yaptılar. Bir kere yapılan satış sözleşmesine aykırı bir durum. 2. Problem bir kısmı kart bir kısmı Hopi ile olan ödeme yöntemi aynı şekilde iade edildi fakat <DURATION>2 gün</DURATION> süre tanıyarak. Neyse üstüne ürünü indirimli aldığım indirimde kalmadı. 4. Aldığım mevsimde ki ürünün muadilini <DATE>şu an</DATE> yollamak istiyorlar. <DATE>Yaz günü</DATE> kazak giymemi istiyorlar :) Boyner&apos;in hem mağaza hem internet müşterisiydim. <DATE>Şimdi</DATE> ise olumsuz tecrübemi her yerde anlatıp hakkımı arayacağım biriyim. Açık açık söylüyorum. Boyner pişmanlıktır!