Yaklaşık <DURATION>bir ay</DURATION> önce Kocaeli&apos;de bulunan 41 Burda AVM&apos;de bulunan Boyner Mağazasından aldığım ürünlerden iki pantolon ve bir sweat beden olmadığı için mağaza yetkilileri tarafından internetten sipariş verildi ve kargoyla <DURATION>bir hafta içinde</DURATION> evime teslim edileceği bilgisi verildi. <DATE>Bir hafta sonunda</DATE> ürünleriniz geldi mağazadan alın diye mesaj geldi. Evime gelmesi gerekirken mağazaya yönlendirildim. Mağazaya gittiğimde yalnızca bir ürün sweat gelmişti. Diğer ürünleri sorunca sipariş iptal olmuş bilgisi aldım. Sonra mağaza görevlileri tarafından yeni sipariş oluşturuldu. <DATE>Haftaya</DATE> gelir dediler. <DURATION>Bir hafta</DURATION> geçtikten sonra merkez müşteri hizmetlerini aradıktan sonra <DATE>ertesi gün</DATE> aradılar ürünlerinizi mağazadan alın diye. Yine gittim bu sefer de gelen kargoda bir pantolon geldi, biri henüz tedarik edilemedi, biz sizi ararız dediler. Bu arada kargoyu orada açıp bakmasam kimse de bir şey demiyor. Aradan yine <DURATION>günler</DURATION> geçti ürünün biri hala teslim edilmedi. Tekrar mağazaya gittim, depoya gelmiş gelir dediler. Ayrıca her gittiğimde hangi ürün hangisi geldi vs. Sorular da ayrı bir durum. Koskoca Boyner&apos;de Sistem bu kadar, müşteriye değer de Sıfır değil daha da da kötü. Ne takip edilecek bir sistem, ne web sayfasında şikayet bildirecek bir adres. Ürün parası kadar da yakıt tükettim, zaman harcadım. Bekliyorum yine gelmezse, internetten aldığım mont, diğer ürünler ne varsa hepsini iade edip bir daha önünden geçmeyeceğim.