Akasya Boyner mağazasından <DATE>22.03.2021 tarihinde</DATE> almış olduğum Asics marka spor ayakkabımı <DATE>24.03.2021 tarihinde</DATE> bir kez kullandım ve hemen sağ uç kısımda başparmağımı acıtmaya başladı. <DATE>25.03.2021 tarihinde</DATE> Boyner akasyaya iade için başvurdum kullanılmış olduğu için firmaya göndereceklerini söylediler. Talep oluşturup gönderdik. <DATE>06.04.2021 tarihi</DATE> oldu ve aranmadım, konuyla ilgili bilgilendirilmedim. Arandığımı söylüyorlar ama kimse beni aramadı. Arama tarihini öğrenmek istediğim telefonumdan gelen aramalara bakacaktım ama veremediler; çünkü aranmadım. Tekrar firmaya gönderdik (<DATE>06.04.2021 tarihinde</DATE>) <DATE>13.04.2021 tarihinde</DATE> yine aranmadım ve ben kendim Boyner firmasını arayarak (ki ulaşmak çok zor, telefonunuzu cevaplayan olduysa şanslısınız) sonucu öğrendim yine red vermişler. Çünkü kullanıcı hatası varmış. Sormak isterim sadece <DURATION>bir gün bir saat</DURATION> kullanmış olduğum ayakkabı da nasıl kullanıcı hatası olur. <DURATION>Bir gün</DURATION> giymek için almıyoruz sonuçta biz bu ayakkabıları. Üstelik fiyat olarak ta yüksek bir meblağ ödüyoruz ve karşılaştığımız ilgiye bakın. Asla sahiplenmiyorlar ürünlerini. Bu ayakkabıyı kullanamıyorum ben ne yapacağım. Bu duruma düşünce daha çok araştırdık ve ne kadar çok şikayet varmış.