<DATE>25.03.2021 tarihinde</DATE> N11 üzerinden yaptığım 2011*****950nolu siparişimi teslim almadan iptal ettim. Birçok bankanın kartıyla alışveriş yapıyorum. Gelen ekstrelerime bakarken tesadüfen ilgili ödemenin iadesinin yapılmadığını gördüm. Durumu 3 ayrı müşteri temsilcisiyle farklı zamanlarda yazışmama rağmen, <DATE>bugün</DATE> yatırılacak, <DATE>haftaya</DATE> yatırılacak diye diye tam <DURATION>18 gün</DURATION> oldu <DATE>bugün</DATE>, hala iade yapmadılar. N11 güvencesi ve müşteri hak ihlali değil de bu ne? Nasıl bir sebep olabilir ki <DURATION>18 gündür</DURATION> iadeyi gerçekleştiremezler? Paramı kullandıklarını düşünüyorum. Ve gelen kart ekstremde ödemek zorunda kaldım bu tutarı da. Diğer alışveriş sitelerinde hiç böyle bir duruma düşmemiştim.  N11&apos;e artık güvenmiyorum, tesadüf görmeseydim öyle arada kaynayacaktı muhtemelen. Eğer N11 den alışveriş yapıyorsanız, yaptığınız ücret iadelerinizi mutlaka takip edin.