<DURATION>İki hafta</DURATION> önce N11 den kırtasiye ürünleri siparişi verdim, ürünlerin kargoya verildiğine dair mesaj geldi, <DURATION>birkaç güne</DURATION>. Ama gelin görün ki ortada ürün yok. Belli süre geçtikten sonra göndericiye iade olarak yazdı kargo ekranında. Kargoyu aradım ürünlerin kargoya verilmediğini firma tarafından sadece kayıt oluşturulduğu bilgisini verdiler.&#160;
Başka firmalardan da <DATE>aynı hafta</DATE> aynı kargo şirketiyle siparişler aldım hiçbir aksaklık olmadı... Bu ciddiyetsiz firmayla çalışan N11 için şunları söylemek istiyorum, hiç mi denetlenmiyor bu firmalar? Müşteriyle dalga geçer gibi <DURATION>2 haftadır</DURATION> hem firmadan hem n11den çözüme yönelik olmayan cevaplar alıyorum,3&#160;kuruşluk defterler için sürekli müşteri hizmetleriyle muhatabım en son değişim talebi bulunun dediler. Tek tek üşenmedim 12 ürüne de değişim girdim bakalım.&#160;
Bir <DURATION>2 hafta</DURATION> daha beklemeye devam. Sonuca göre firmayla alakalı da şikayette bulunacağım. (defterin altına bir kullanıcı ürünü göndermeyi unutmuşlar yazmış, keşke ciddiye alsaydım.)