Karaca&apos;dan <DATE>2019 şubat ayında</DATE> düdüklü tencere aldım. <DATE>2021 şubat ayında</DATE> tencerem patladı teknik servise gönderdim <DATE>11.02 tarihinde</DATE> servise ulaştı ve servis kaydı oluşturuldu. Bekleme süresi <DURATION>20 iş günü</DURATION> olmasına rağmen <DURATION>2 ay</DURATION> zaman geçti daha arayan olmadı. Benim aramamla bilgi alıyorum ürün inceleniyor deyip duruyorlar. Benim anlamadığım ürün <DURATION>2 ay</DURATION> boyunca ellerinde durup da ne gibi bir teste tabi ediliyor merak ediyorum. Bu kadar köklü bir şirketin teknik servisinin kötü olduğunu başıma gelince öğrendim.