<DATE>2020 Şubat ayınca</DATE> Bursa Karaca Kent Meydanı mağazasından aldığım kahvaltı takımım evime kargo ile gönderildi. Gönderim süresi <DURATION>1 ayı</DURATION> geçmişti gelen kargo özensiz paketlenmesinden dolayı iki parçam kırık çıktı. <DATE>Şu an</DATE> <DURATION>bir seneyi</DURATION> aşkın süredir yedek ürünlerimin gelmesini bekliyorum. Devamlı farklı farklı kişiler ürün talebi için kayıt açıyor.
<DATE>Pandemi döneminde</DATE> bir takım aksaklıkları kabullendim ama her aradığım da ilk defa duyuyorlarmış gibi aynı kişilere laf anlatmaktan sıkıldım. Tamamen ilgisiz bir şube muhatap olabileceğiniz hiç kimse yok.