Türkiye İş bankası kuruköprü şubesine <DATE>12 Nisan 2021</DATE> <TIME>10.15</TIME> tarihinde ipotek kaldırılmasını arz eden bir dilekçe verdim. Onlarda iki farklı şubeden ipotekli krediniz olduğu için Adana merkez şubesinden haber bekliyoruz oradan onay gelmediği için sizi bekletiyoruz dediler. Adana merkez şubeyi aradığımda acil olduğunu söylememe rağmen küçük bir maile bakan işlemimi <DATE>bugün</DATE> <DATE>13 Nisan 2021 tarihine</DATE> kadar hiçbir şekilde cevap vermeyip telefonları hiçbir şekilde açmayıp maaş müşterisini mağdur etmektedir. Adana merkez şubesi bunu <DATE>daha önce</DATE> de defalarca yaptığı için gereğini yapılmasını arz ederim.