<DATE>2017 Ağustos ayında</DATE> Arçelik 2487 ceıy model buzdolabı aldım. <DATE>Aldığım tarihten</DATE> itibaren sorunsuz çalışan dolabımın <DATE>şu an</DATE> motor sesinden evde durulmuyor.&#160;Bildiğiniz traktör sesi Buna istinaden servis çağırdım onlarda bu şekilde yapılacak bir şey olmadığı ve böyle kullanmamı belirttiler. Bunun üzerine <DATE>şu an</DATE> ekranda uyarı vermeye başladı. Bu ürünü alalı <DURATION>3,5 yıl</DURATION> oldu <DATE>o tarihte</DATE> ek garanti yapmaya gerek görmedim markaya güvendiğim için.&#160;
<DATE>Şu an</DATE> ürünün hatası müşteri hatası değildir. <DURATION>3 yıl</DURATION> ömrü de olamaz üretim hatalı olması sebebiyle firmanızın Ürünü incelemeye almasını talep ediyorum. Havaların ısınması sebebiyle <DATE>şu an</DATE> dolap ® soğutmadığı için Ürün koyamıyorum içine bu şekilde de mağdurum. <DURATION>Yıllardır</DURATION> Arçelik marka kullanıyorum ilk defa bunu yaşıyorum. Tarafınızdan gereğinin yapılmasını istiyoruz. Mağduriyetimin giderilmesini rica ederim.