<DATE>10 Nisan günü</DATE> 8927**72 numaralı siparişim tarafıma eksik bir şekilde teslim edildi. Sipariş içerisinde 8 paket Sırma ® 6&apos;lı sade soda vardı ancak yalnızca 1 adet teslim edildi. 7 paket 6&apos;lı sofa eksik geldi. Ayrıca 1 adet Ülker ® rulo kat siparişimde gelmedi. Siparişi teslim eden görevliye sodaların eksik olduğunu teslimat aşamasında ilettim. Kendisi de fişi inceledi ve eksikliği kabul etti. En geç <DATE>11 Nisan</DATE> <TIME>sabahı</TIME> teslim ederiz dedi ancak gelen giden olmadı. <DATE>10 Nisan günü</DATE> ayrıca Migros Sanal market müşteri hizmetlerini arayarak durumu bildirdim. Kayıt oluşturdular ve marketin beni arayacağını söylediler. Ancak hiç kimse aramadı. <DATE>11 Nisan günü</DATE> Akbatı 5M Migros&apos;u arayıp teslimatın ne zaman yapılacağını sordum. <DATE>11 Nisan</DATE> <TIME>akşam 7:00</TIME>-<TIME>9:00</TIME> arası mutlaka eksik siparişin teslim edileceğini söylediler ancak kimse gelmedi. <DATE>12 Nisan günü</DATE> tekrar Akbatı 5M Migros&apos;u arayıp siparişimin hala gelmediğini bildirdim. Unutulmuş <DATE>bugün</DATE> mutlaka teslimatı sağlayacağız dediler. Ancak <DATE>bugün</DATE> de arayan soran olmadı. <DURATION>3 gündür</DURATION> bir çözüm bulunamadı. Para iadesi istedim onu da gerçekleştirmediler. Süreç uzarsa Tüketici Hakem Heyetine müracaat edeceğim. Bu süreç nedeni ile bir daha Sanal Market, Macro Center ®, Migros Hemen, Taze direkt ® sitelerinden sipariş vermeyeceğim.