Merhaba. Oğluma almış olduğum X marka havali sünger mermi atan oyuncak Hepsiburada.com tarafından hasarlı/sorunlu olarak gönderi yapılmıştır. 99 TL satin aldığım urunu iade kabul edip değişim yapmadılar. Tekrar almak istediğimde ürün 139 TL den satışta olduğunu gördüm. Çözüm merkezi yetkilisi &quot; piyasa şartlarından dolayı olabiliyor&quot; gibi ucu açık rahatsız edici bir cevap verdi. <TIME>Akşamına</TIME> WhatsApp hatlarına yardımcı olmaları için konuyu anlattım. Aldığım cevap &quot;Tarafımızca farklı bir işlem sağlanamamaktadır. İadeniz gerçekleşmiştir. &quot; copy-paste ile bastan savan yeni firmalar gibi. Ya siz <TIME>aksama</TIME> kadar reklam yapıp pandemi krizini fırsata çevirmek için bu kadar uğrasın. Sonra kendi hatanız yüzünden <DURATION>8 yaşındaki</DURATION> çocuk <DURATION>1 haftadır</DURATION> silahım nerede baba!. Kendilerini bu rahatlıklarından dolayı tebrik ediyorum. Ben o oyuncağı gidip 50 TL fazlasını verip alıyorum ama siz bu yaptığınızla müşterilerinizi kaybedeceksiniz... <DATE>2008 yılından</DATE> bu yana kullanıcısı olduğum bu platform yeterince doyduğunu düşünüyorum ve kamu ile paylaşmak istedim. Saygılar