Hepsiburada&apos;dan <DATE>2020 Haziran ayında</DATE> sunmuş olduğu indirim neticesinde HP ® marka headset kulaklık satın aldım. Kulaklık <DATE>geçen gün</DATE> hiç temas ya da darbe almayan üst kısmında ileti sorunu yaşıyor. Çok temiz kullanmama rağmen böyle bir şey olduğu için garantiye yollamak istedim neticede <DATE>2020 Haziran&apos;dan</DATE> beri daha <DURATION>1 yıl</DURATION> bile olmadı. Hepsiburada&apos;nın müşteri hizmetleri ile görüştüm bana ürünün resmi garanti servisi ile görüşmem gerektiğini söylediler yani HP ile. HP ile görüştüğümde ve HP&apos;nin resmi sayfasında sorgulama yaptığımda ürün benim Hepsiburada&apos;dan satın aldığım tarihten aslında tam <DURATION>1 yıl 5 ay</DURATION> yani <DURATION>17 ay</DURATION> önce satın alındığı ve garantisinin bittiği söylendi. Tüketici olarak Hepsiburada adlı satıcıdan sıfır aldığım ürünün aslında <DURATION>1 yıl 5 ay</DURATION> önce satın alınmış olmasını kabul etmek zorunda olduğumu düşünmüyorum. Hepsiburada sıfır diye satışa koyduğu ürünün depoda <DURATION>1 yıl 5 ay</DURATION> saklanması kendileri adına kesilen faturanın <DURATION>1 yıl 5 ay</DURATION> önce kesilmesi hakkında ne düşünüyor acaba?