<TIME>İyi akşamlar</TIME>. Kargomun Bana <DATE>dün</DATE> gelmesi gerekiyordu ama <DATE>bugün</DATE> yetkili arkadaşlarınız beni arayıp Kargo yerine geldiklerini ve beni bulamadıklarını söylediler ve kargomu <DATE>şu anda</DATE> nerede olduğunu bilmediklerini söylediler Bu konuyla alakalı İlgilenebilir misiniz. Ürünün parasını ödediğim takdirde. Kargom bana ulaşmadı. Bana geri dönüş sağlarsanız çok sevinirim. <DATE>İyi günler</DATE> <DATE>sağlıklı günler</DATE>.