Aslında teslimatım gecikmedi ama yapılan saçmalık yüzünden <DATE>bugün</DATE> elimde olacak kargom uygulamanız yüzünden <DATE>yarın</DATE> elime ulaşacak. Bu anlatacağım şey erken teslimat için sizin için de önemli bir durum.
Evim Tramvay ve Dericiler şubenizin ortasında kalıyor. Benim sokağım Veliefendi olarak geçtiği için Tramvay bakıyor ama arka sokağım Yeşiltepe olarak geçtiği için Dericiler şubeniz bakıyor. Buraya kadar sorun yok ancak benim kargom her seferinde Boğaziçi transfer merkezinizden dericiler şubesine gidiyor daha sonra benim adresime onlar bakmadığı için tramvay şubesine yönlendiriyor. Bunun için kargom tekrar Boğaziçi Transfer merkezine gidiyor ve bu hem size hem de müşterinize yani bana <DURATION>1 gün</DURATION> kaybettiriyor. Yani benim kargomun rotası Boğaziçi&gt; tramvay&gt; adresim şeklinde olması gerekirken Boğaziçi&gt; dericiler&gt; Boğaziçi&gt; tramvay&gt; adresim şeklinde oluyor. Bu sorunu <DURATION>yıllardır</DURATION> yaşıyoruz. Lütfen bu duruma bir çare bulun. 
İnternet satışı yapıyorum ve sizinle çalışıyordum, çok memnundum ama sırf bu yüzden çalıştığım kargo firmasını değiştirdim, çünkü iadeler <DURATION>bir gün</DURATION> gecikmeli geliyor müşteri şikayetçi oluyor ve benim gibi bu sorundan kaybettiğiniz bir çok insan var burada. Umarım yazıyı okur ve yardımcı olursunuz. 
İyi çalışmalar.