Aras Kargo bir ürünü <DATE>07.04.2021 tarihinden</DATE> <DATE>şu ana</DATE> kadar neden getirmiyor? Müşteri temsilcisi de ürününüz küçük olduğu için araya düşmüştür yan yatmıştır çamura batmıştır gibilerinden konuşuyor. Bakın sayın yetkililer adamlar <DURATION>1 günde</DURATION> Almanya&apos;dan İstanbul&apos;a getiriyor kargoyu. Siz neredeyse <DURATION>1 haftadır</DURATION> bir ürünü getiremediniz ve bu ürün de <DATE>doğum günü</DATE> hediyesi bilin bakalım <DATE>doğum günü</DATE> ne zaman &apos;&apos;<DATE>bugün</DATE>&apos;&apos;.