MNG Kargo, evin önündeki caddeden geçip gitti. Kargomu bırakmadı. <DATE>Şimdi</DATE> de adrese teslim edilemedi. Gelin alın diyor.
&quot;1613*****490 takip numaralı gönderiniz <DATE>bugün</DATE> dağıtıma çıkarılmış ancak teslim edilememiştir. Başiskele şubemizden teslim alabilirsiniz.&quot; bana bu şekilde mesaj atılmış. <SET>Her ay</SET> onlarca kargonun geldiği bu eve neden bu kargoyu ulaştıramıyorsunuz? Üstelik beni bu numaradan arayıp yolu sordunuz. Ben de güzelce tarif ettim. Fakat gelen olmadı. Onca kargo şirketinin hatta MNG&apos;nin bile kargo getirdiği bu adrese <DATE>bugün</DATE> bu kargonun gelmeme sebebi ihmalkarlıktır. <DATE>Yarın</DATE> <TIME>sabah</TIME> kargomu adresime ulaştırın lütfen.