MNG Kargo ile Türksan şube&apos;den <DATE>12 Nisan tarihinde</DATE> kargolanan ürün <DATE>13 Nisan günü</DATE> Güzelyurt şubesince teslim alındı ve <TIME>öğlen saatlerinde</TIME> dağıtımda olduğuna dair bilgi mesajı geldi. <DATE>Aynı günün</DATE> <TIME>akşamında</TIME> &quot;Ürününüz adresinizde bulunamadığınız için teslim edilememiştir. <DATE>16.04.2021 tarihine</DATE> kadar teslim alınmadığı takdirde gönderi iade edilecektir.&quot; mesajı geldi. İşin komiği ürünleri aldığım online siteden aynı sepetteki 3 ürünün 2&apos;si adrese bırakılabiliyor. Ama Güzelyurt MNG çalışanları beni evde bulamıyor. Evde olmasam dahi oturduğum yer güvenlikli bir site, güvenlikler zaten kargoları alıp bize iletiyor. Bu yalanın, iş bilmezliğin, işi ve suçu başkasının üzerine yıkmaya çalışan şube çalışan ve yönetimin acente lisansları iptal edilmeli. Ürünümün en kısa sürede adresime teslim edilmesini istiyorum.