Vodafone faturalı hattımda kısa sure önce tarife değişikliği yapmak zorunda kaldım kendi tarifemin <DURATION>12 aylık</DURATION> suresi dolduğu için. Bana en uygun 85 TL olan tarifeyi yaptılar bende telefonu çocuk için kullanıyorum sadece Youtube.com&apos;a bakıyor. Bu paket yeterli olur mu diye sorduğumda yeterli olacağını söylediler fakat daha tarifenin yenilenmesine <DURATION>10 gün</DURATION> olmasına rağmen internet paketinden çok az GB kaldığını, paketin %80 dolduğunu gördüm. Müşteri hizmetlerini aradığımda daha uygun bir tarifeye geçip ek paket Video Pass paketini almak istediğimi söylediğimde yardımcı olamayacaklarını söylediler. Üstelik bu tarifeye geçerken özellikle sordum bu tarife yeterli olmazsa <DATE>eski</DATE> tarifeme geçebilecek miyim diye ve bana tabii ki cevabini verdiler. <DATE>Simdi</DATE> de cayma bedeli 70 TL diyorlar. Zaten ben bu hattı ve 2 ayrı hattımı faturalıya taksitle telefon almak için almıştım ama hiçbirinden geri dönüş sağlanmadı <DURATION>yıllardır </DURATION>kullandığım halde. Toplam 3 tane Vodafone faturalıya kayıtlı hattım var ve hepsini Turkcell&apos;e taşıyacağım. Sadece 1 müşteri değil 3 tane müşteri birden kaybedeceksiniz.