<DURATION>2 ay</DURATION> önce Red&apos;li tarifeyi kullanmaya başladım ve <DURATION>2 aydır</DURATION> 68 TL ödüyordum. <DATE>Bugün</DATE> bana 189 TL&apos;lik fatura gelmiş. Adımlı aşım ücreti olarak 90 TL kesilmiş. Ben <SET>her ay</SET> 68 TL öderken <DATE>bu ay</DATE> neden 189 TL ödüyorum? 
Tarife detaylarına girdiğimde ise tarifenizin <DURATION>6. ayındasınız</DURATION> yazıyor. Ben kullanmaya başlayalı <DURATION>2 ay</DURATION> oldu. 
Bu 189 TL&apos;lik ücretlendirmeye bir çözüm bulunmasını istiyorum. Kullanmadığım interneti ödemek istemiyorum!